CODIGO,CLIMA_AMBIENTAL,PAISAJE,TIPO_RELIEVE,FORMA_TERRENO,MATERIAL_PARENTAL_LITOLOGIA,ORDEN,LATITUD,LONGITUD,ALTITUD,DRENAJE_NATURAL,CONTENIDO_CENIZA_VOLCANICA,FAMILIA_TEXTURAL,EPIPEDON,PROFUNDIDAD_MAXIMA,H1_ESPESOR,H1_RESULTADO_ph,H2_ESPESOR
Tf-049,Muy_frio_humedo,Montana,Espinazo,Frente,Ceniza_volcanica,Andisol,5.20675,-73.5625,3213.0,Bien_drenado,True,Medial,Melanico,120.0,25.0,4.5,15.0
Rc-115*,Muy_frio_humedo,Montana,Cresta,Frente,Ceniza_volcanica,Andisol,4.375694444444443,-74.25619444444446,3294.0,Bien_drenado,True,Medial,Umbrico,100.0,28.0,4.5,22.0
Em-084,Templado_humedo_y_muy_humedo,Montana,Espinazo,Reves,Ceniza_volcanica,Andisol,5.578609999999999,-74.27333,1345.0,Bien_drenado,True,Medial,Ocrico,40.0,8.0,5.0,22.0
Cjq-055,Muy_frio_humedo,Montana,Cresta,Reves,Ceniza_volcanica,Andisol,5.1313949999999995,-73.8008,3074.0,Bien_drenado,True,Medial,Melanico,120.0,18.0,5.0,37.0
Cb-029,Muy_frio_humedo_y_muy_humedo,Montana,Espinazo,Frente,Ceniza_volcanica,Andisol,4.724611111111111,-73.888,3480.0,Bien_drenado,True,Medial,Melanico,114.0,26.0,5.0,26.0
Ij-071,Muy_frio_humedo,Montana,Cresta,Reves,Ceniza_volcanica,Andisol,5.4135277777777775,-73.87138888888889,3332.0,Bien_drenado,True,Medial,Melanico,120.0,31.0,4.5,7.0
B-016,Frio_humedo,Altiplanicie,Loma,Ladera,Sedimentarias,Andisol,5.454260988167441,-73.4409774201927,2800.0,Bien_drenado,True,Medial,Umbrico,150.0,20.0,5.2,45.0
25s0325,Muy_frio_muy_humedo,Montana,Espinazo,Reves,Ceniza_volcanica,Andisol,5.090194444444443,-74.11366666666666,3274.0,Bien_drenado,True,Medial,Umbrico,120.0,18.0,5.1,24.0
Yd-063,Muy_frio_humedo,Montana,Espinazo,Reves,Ceniza_volcanica,Andisol,5.205416666666667,-73.89347222222223,3302.0,Bien_drenado,True,Medial,Melanico,60.0,40.0,6.0,20.0
Ss-401,Frio_humedo,Montana,Coluvio,Cuerpo,Depositos_superficiales,Andisol,4.0335833333333335,-74.48669444444444,2320.0,Moderado,True,Medial,Umbrico,120.0,20.0,5.0,15.0
Gb-085,Muy_frio_humedo_y_muy_humedo,Montana,Espinazo,Reves,Ceniza_volcanica,Andisol,4.968361111111111,-73.78577777777778,3202.0,Bien_drenado,True,Medial,Melanico,120.0,70.0,5.0,50.0
Rr-074,Muy_frio_humedo,Montana,Loma,Ladera,Ceniza_volcanica,Andisol,5.229955555555557,-73.68581111111112,3147.0,Bien_drenado,True,Medial,Melanico,120.0,35.0,4.5,42.0
Ccj-161,Templado_humedo_y_muy_humedo,Montana,Espinazo,Reves,Sedimentarias,Andisol,5.355519999999999,-74.43916999999998,1692.0,Bien_drenado,False,Medial,Umbrico,110.0,29.0,5.5,36.0
Clas-081,Frio_humedo_y_muy_humedo,Montana,Cresta,Frente,Ceniza_volcanica,Andisol,5.109444444444444,-74.19,2704.0,Bien_drenado,True,Medial,Umbrico,120.0,23.0,5.5,22.0
Le-223,Muy_frio_humedo,Montana,Cresta,Frente,Ceniza_volcanica,Andisol,5.1180555555555545,-73.51527777777778,3033.0,Bien_drenado,True,Medial,Umbrico,43.0,18.0,4.5,25.0
Jg-095,Muy_frio_humedo,Montana,Espinazo,Reves,Ceniza_volcanica,Andisol,5.105944444444444,-74.03636111111109,3389.0,Bien_drenado,True,Medial,Melanico,120.0,39.0,5.0,22.0
Jq-241,Muy_frio_humedo,Montana,Loma,Ladera,Ceniza_volcanica,Andisol,5.182416666666667,-73.949,3060.0,Bien_drenado,True,Medial,Melanico,121.0,21.0,5.0,34.0
Jv-011,Frio_humedo_y_muy_humedo,Montana,Valle_estrecho,Terraza,Ceniza_volcanica,Andisol,4.867333333333334,-73.7242777777778,2859.0,Bien_drenado,True,Medial,Melanico,79.0,20.0,6.0,24.0
Df-079,Muy_frio_humedo_y_muy_humedo,Montana,Espinazo,Reves,Ceniza_volcanica,Andisol,5.0830527777777785,-74.11680277777778,3268.0,Bien_drenado,True,Medial,Umbrico,61.0,20.0,6.0,19.0
Jq-385,Muy_frio_humedo,Montana,Espinazo,Frente,Ceniza_volcanica,Andisol,5.076472222222222,-74.03286111111113,3284.0,Bien_drenado,True,Arcillosa,Melanico,122.0,21.0,5.0,30.0
Mv-050,Frio_humedo,Montana,Espinazo,Frente,Ceniza_volcanica,Andisol,4.329166666666667,-74.3436111111111,2092.0,Bien_drenado,True,Medial,Umbrico,120.0,30.0,6.0,22.0
Jp-036*,Muy_frio_humedo,Montana,Cresta,Frente,Ceniza_volcanica,Andisol,4.424,-74.21488888888891,3558.0,Bien_drenado,True,Medial,Umbrico,45.0,20.0,5.0,25.0
Jq-101,Muy_frio_humedo_y_muy_humedo,Montana,Espinazo,Reves,Ceniza_volcanica,Andisol,5.008916666666667,-73.68808333333334,3174.0,Bien_drenado,True,Medial,Umbrico,120.0,20.0,5.0,25.0
Rr-233,Muy_frio_humedo,Montana,Espinazo,Frente,Ceniza_volcanica,Andisol,5.310591666666666,-73.93059444444445,3091.0,Bien_drenado,True,Medial,Melanico,120.0,85.0,4.5,35.0
R-001,Muy_frio_humedo,Altiplanicie,Loma,Cima,Ceniza_volcanica,Andisol,5.428591772429218,-73.5257382195735,3030.0,Bien_drenado,True,Medial,Melanico,155.0,60.0,4.9,36.0
Rr-296,Muy_frio_humedo,Montana,Loma,Ladera,Ceniza_volcanica,Andisol,5.2998555555555535,-73.94038611111111,3215.0,Bien_drenado,True,Medial,Melanico,120.0,53.0,4.5,67.0
Sb-182,Muy_frio_humedo,Montana,Espinazo,Reves,Ceniza_volcanica,Andisol,5.219444444444445,-73.54944444444446,3341.0,Bien_drenado,True,Medial,Melanico,100.0,30.0,5.0,35.0
25d0719,Muy_frio_humedo,Montana,Espinazo,Resalto,Ceniza_volcanica,Andisol,5.00825,-74.09959444444443,3125.0,Bien_drenado,True,Medial,Melanico,125.0,30.0,5.4,27.0
Yd-127,Muy_frio_humedo,Montana,Loma,Ladera,Ceniza_volcanica,Andisol,5.21675,-73.90522222222222,3147.0,Bien_drenado,True,Medial,Melanico,120.0,60.0,6.5,60.0
Tf-001,Muy_frio_humedo_y_muy_humedo,Montana,Cresta,Frente,Ceniza_volcanica,Andisol,4.8966305555555545,-73.76665277777778,3202.0,Bien_drenado,True,Medial,Melanico,120.0,20.0,4.0,30.0
Ts-163,Frio_humedo,Montana,Espinazo,Reves,Ceniza_volcanica,Andisol,5.156572222222223,-73.63238333333331,2794.0,Bien_drenado,True,Medial,Melanico,120.0,40.0,4.5,30.0
Jq-319,Muy_frio_humedo,Montana,Loma,Ladera,Ceniza_volcanica,Andisol,5.145416666666667,-73.95730555555556,3010.0,Bien_drenado,True,Medial,Melanico,121.0,21.0,5.0,33.0
Wh-342,Muy_frio_humedo,Montana,Espinazo,Reves,Ceniza_volcanica,Andisol,4.983361111111111,-74.10575833333333,3252.0,Bien_drenado,True,Medial,Melanico,77.0,29.0,4.5,33.0
Le-099,Muy_frio_humedo_y_muy_humedo,Montana,Espinazo,Reves,Ceniza_volcanica,Andisol,4.92917,-74.22417,2973.0,Bien_drenado,True,Medial,Umbrico,110.0,13.0,5.5,15.0
Jg-096,Muy_frio_humedo,Montana,Glacis,Terraza,Ceniza_volcanica,Andisol,5.109722222222222,-74.04325,3275.0,Bien_drenado,True,Medial,Melanico,120.0,20.0,5.0,21.0
Ls-044,Muy_frio_humedo,Montana,Espinazo,Frente,Ceniza_volcanica,Andisol,5.220263888888889,-73.75674722222222,3098.0,Bien_drenado,True,Medial,Melanico,108.0,20.0,5.0,53.0
Ag-041,Extremadamente_frio_humedo,Montana,Artesa,Morrena,Ceniza_volcanica,Andisol,5.246388888888889,-73.98202777777777,3632.0,Bien_drenado,True,Medial,Melanico,90.0,32.0,4.5,18.0
Bo-039,Muy_frio_humedo,Montana,Espinazo,Frente,Ceniza_volcanica,Andisol,5.362486111111111,-73.85357777777777,3213.0,Bien_drenado,True,Medial,Melanico,60.0,36.0,4.0,24.0
Jf-342,Muy_frio_humedo,Montana,Espinazo,Reves,Ceniza_volcanica,Andisol,5.1798600000000015,-73.867325,3114.8,Bien_drenado,True,Medial,Melanico,110.0,72.0,4.5,38.0
Ag-142,Muy_frio_humedo,Montana,Espinazo,Reves,Ceniza_volcanica,Andisol,5.1960555555555565,-73.91355555555556,3168.0,Bien_drenado,True,Medial,Melanico,120.0,30.0,5.0,24.0
Wh-348,Muy_frio_humedo,Montana,Loma,Ladera,Ceniza_volcanica,Andisol,5.0762,-74.05598333333333,3083.0,Bien_drenado,True,Arcillosa,Melanico,120.0,23.0,4.5,31.0
Cb-235,Muy_frio_humedo,Montana,Espinazo,Frente,Ceniza_volcanica,Andisol,5.31125,-73.92380555555556,3008.0,Bien_drenado,True,Medial,Melanico,120.0,22.0,5.5,65.0
Wh-267,Muy_frio_humedo,Montana,Loma,Ladera,Ceniza_volcanica,Andisol,5.131427777777779,-73.98774166666666,3179.0,Bien_drenado,True,Medial,Melanico,120.0,28.0,5.0,27.0
Le-066,Muy_frio_humedo,Montana,Loma,Ladera,Ceniza_volcanica,Andisol,5.141666666666668,-73.77083333333333,3155.0,Bien_drenado,True,Medial,Melanico,76.0,32.0,5.5,20.0
Cwh-073,Muy_frio_humedo,Montana,Espinazo,Reves,Ceniza_volcanica,Andisol,5.19115,-74.02916388888889,3417.0,Bien_drenado,True,Medial,Melanico,120.0,30.0,4.5,25.0
Le-064,Muy_frio_humedo,Montana,Loma,Ladera,Ceniza_volcanica,Andisol,5.140833333333334,-73.77138888888891,3134.0,Bien_drenado,True,Medial,Melanico,87.0,36.0,5.5,15.0
Wh-098,Muy_frio_humedo_y_muy_humedo,Montana,Cuesta,Reves,Ceniza_volcanica,Andisol,4.947380555555556,-73.89253888888891,3059.0,Bien_drenado,True,Medial,Melanico,120.0,42.0,6.0,39.0
Wh-216,Muy_frio_humedo,Montana,Loma,Ladera,Ceniza_volcanica,Andisol,5.169975,-73.96092777777778,3059.0,Bien_drenado,True,Medial,Melanico,120.0,26.0,5.5,35.0
Rm-100,Muy_frio_humedo,Montana,Loma,Ladera,Ceniza_volcanica,Andisol,5.094166666666666,-74.05,3259.0,Bien_drenado,True,Medial,Umbrico,120.0,36.0,5.0,24.0
Wh-102,Muy_frio_humedo,Montana,Cresta,Reves,Ceniza_volcanica,Andisol,5.4390833333333335,-73.84512222222223,3276.0,Bien_drenado,True,Medial,Melanico,120.0,41.0,4.5,21.0
Ct-027a,Frio_seco,Planicie,Plano,Meandro_abandonado,Depositos_superficiales,Entisol,4.810105,-74.08322388888888,2540.0,Pobre,False,Fina,Ocrico,120.0,15.0,4.6,17.0
73s0138,Calido_seco,Lomerio,Loma,Ladera,Sedimentarias,Entisol,4.195916666666667,-74.72318166666666,331.0,Excesivo,False,Arenosa,Ocrico,150.0,33.0,6.8,33.0
Ss-262,Calido_seco,Lomerio,Loma,Ladera,Sedimentarias,Entisol,4.231805555555557,-74.72530555555555,346.0,Bien_drenado,False,Arenosa,Ocrico,55.0,16.0,4.0,39.0
Clas-185,Calido_seco,Lomerio,Cuesta,Frente,Sedimentarias,Entisol,4.235833333333334,-74.70972222222224,313.0,Bien_drenado,False,Franca,Ocrico,70.0,21.0,5.5,21.0
Csb-098,Calido_seco,Valle,Plano,Orillar,Depositos_superficiales,Entisol,4.221666666666667,-74.74388888888889,291.0,Bien_drenado,False,Arenosa,Ocrico,100.0,15.0,5.0,25.0
Ss-223,Calido_humedo_y_muy_humedo,Lomerio,Cresta,Reves,Sedimentarias,Entisol,5.77761,-74.44369,228.0,Bien_drenado,False,Fragmental,Ocrico,102.0,25.0,4.5,19.0
Cj-345,Templado_seco,Montana,Cresta,Reves,Sedimentarias,Entisol,4.3244444444444445,-74.45333333333333,1225.0,Bien_drenado,False,Arcillosa,Ocrico,65.0,10.0,6.5,19.0
Cj-260,Calido_seco,Lomerio,Loma,Ladera,Sedimentarias,Entisol,4.2491666666666665,-74.75944444444444,308.0,Bien_drenado,False,Franca,Ocrico,90.0,30.0,6.5,23.0
Cj-307,Calido_seco,Lomerio,Cuesta,Frente,Sedimentarias,Entisol,4.176111111111111,-74.76027777777777,317.0,Bien_drenado,False,Arenosa,Ocrico,75.0,33.0,7.0,37.0
Em-166,Calido_humedo,Lomerio,Loma,Ladera,Sedimentarias,Entisol,4.1625000000000005,-74.67638888888891,375.61,Bien_drenado,False,Fragmental,Ocrico,75.0,13.0,4.5,33.0
Am-029,Templado_humedo_y_muy_humedo,Montana,Espinazo,Frente,Sedimentarias,Entisol,5.0119444444444445,-74.55277777777778,1781.0,Bien_drenado,False,Franca,Ocrico,38.0,17.0,5.0,21.0
Mb-208,Calido_humedo_y_muy_humedo,Lomerio,Cresta,Frente,Sedimentarias,Entisol,5.804833333333333,-74.47536111111111,269.0,Moderadamente_excesivo,False,Arenosa,Ocrico,45.0,18.0,4.5,27.0
Cle-090,Muy_frio_humedo_y_muy_humedo,Montana,Espinazo,Reves,Sedimentarias,Entisol,4.991388888888889,-73.60055555555554,3020.0,Bien_drenado,False,Franca,Ocrico,45.0,17.0,4.5,19.0
Ccp-134,Calido_humedo,Montana,Vallecito,Vega,Depositos_superficiales,Entisol,5.7908888888888885,-74.29122222222222,590.0,Bien_drenado,False,Arenosa,Ocrico,40.0,12.0,7.0,28.0
Ccj-053,Calido_humedo_y_muy_humedo,Montana,Loma,Ladera,Sedimentarias,Entisol,4.987555555555557,-74.477025,930.0,Bien_drenado,False,Franca,Ocrico,110.0,15.0,5.0,20.0
25s0673,Calido_seco,Lomerio,Cuesta,Frente,Sedimentarias,Entisol,4.235722222222221,-74.70975,314.0,Bien_drenado,False,Franca,Ocrico,115.0,25.0,4.5,28.0
Clas-144,Calido_seco,Montana,Espinazo,Reves,Sedimentarias,Entisol,4.333611111111111,-74.67777777777778,720.0,Bien_drenado,False,Franca,Ocrico,47.0,18.0,5.5,29.0
Cj-170,Templado_humedo_y_muy_humedo,Montana,Espinazo,Frente,Sedimentarias,Entisol,5.59445,-74.38086999999999,1289.0,Bien_drenado,False,Franca,Ocrico,110.0,27.0,6.0,33.0
Pt-324,Templado_humedo,Montana,Cresta,Reves,Sedimentarias,Entisol,4.368820555555555,-74.42049444444444,1360.0,Bien_drenado,False,Franca,Ocrico,120.0,62.0,5.8,58.0
Cj-316,Calido_humedo,Lomerio,Vallecito,Vega,Depositos_superficiales,Entisol,4.2972277777777785,-74.57078888888887,755.0,Bien_drenado,False,Arenosa,Ocrico,50.0,14.0,5.0,26.0
Cjq-269,Templado_humedo,Montana,Valle_estrecho,Vega,Depositos_superficiales,Entisol,4.3421666666666665,-74.42936111111112,1101.0,Bien_drenado,False,Franca,Ocrico,78.0,13.0,6.0,23.0
Cjq-088,Templado_humedo_y_muy_humedo,Montana,Espinazo,Reves,Sedimentarias,Entisol,5.375719999999999,-74.40314000000002,1539.0,Bien_drenado,False,Arcillosa,Ocrico,44.0,20.0,6.0,24.0
Ss-199,Calido_humedo_y_muy_humedo,Lomerio,Abanico,Plano,Depositos_superficiales,Entisol,5.72278,-74.43972000000002,231.0,Bien_drenado,False,Fragmental,Ocrico,72.0,10.0,4.0,15.0
Df-234,Calido_humedo,Montana,Espinazo,Frente,Sedimentarias,Entisol,4.053955555555556,-74.76229722222223,752.0,Bien_drenado,False,Fragmental,Ocrico,57.0,24.0,6.0,33.0
Cjf-175,Calido_humedo_y_muy_humedo,Montana,Cresta,Reves,Sedimentarias,Entisol,5.420955,-74.47144833333334,905.0,Bien_drenado,False,Fragmental,Ocrico,38.0,20.0,5.5,18.0
Ss-066,Templado_humedo_y_muy_humedo,Montana,Espinazo,Resalto,Depositos_superficiales,Entisol,5.267361111111111,-74.52686111111113,1446.0,Bien_drenado,False,Franca,Ocrico,47.0,15.0,5.0,32.0
Ss-266,Calido_seco,Lomerio,Cresta,Reves,Sedimentarias,Entisol,4.232611111111111,-74.73802777777777,380.0,Excesivo,False,Franca,Ocrico,36.0,17.0,4.5,19.0
Sm-073,Calido_seco,Lomerio,Abanico,Plano,Depositos_superficiales,Entisol,4.3072222222222205,-74.5936111111111,491.9,Bien_drenado,False,Arenosa,Ocrico,75.0,23.0,5.0,25.0
Sc-122,Calido_seco,Lomerio,Loma,Ladera,Sedimentarias,Entisol,4.2340277777777775,-74.61777777777776,379.0,Bien_drenado,False,Franca,Ocrico,38.0,17.0,4.0,21.0
913,Calido_humedo,Valle,Plano,Apice,Depositos_superficiales,Entisol,5.732316666666668,-74.65740833333334,150.0,Pobre,False,Arenosa,Ocrico,140.0,25.0,7.2,115.0
Mb-022,Templado_humedo_y_muy_humedo,Montana,Espinazo,Reves,Sedimentarias,Entisol,4.957583333333334,-74.52425,922.0,Bien_drenado,False,Franca,Ocrico,110.0,15.0,6.0,25.0
Df-273,Calido_seco,Lomerio,Coluvio,Cuerpo,Depositos_superficiales,Entisol,4.180555555555556,-74.61638888888888,543.0,Bien_drenado,False,Franca,Ocrico,50.0,22.0,5.5,28.0
Ac-37,Templado_humedo,Montana,Vallecito,Vega,Depositos_superficiales,Entisol,4.385209166666667,-74.39299333333334,1580.0,Bien_drenado,False,Franca,Ocrico,120.0,33.0,6.7,27.0
Sb-101,Calido_seco,Lomerio,Espinazo,Reves,Sedimentarias,Entisol,4.230833333333334,-74.75583333333333,308.0,Bien_drenado,False,Arenosa,Ocrico,60.0,30.0,5.5,15.0
Ccp-022,Templado_humedo_y_muy_humedo,Montana,Espinazo,Frente,Sedimentarias,Entisol,5.1495555555555566,-74.38219444444444,1292.0,Bien_drenado,False,Franca,Umbrico,45.0,20.0,4.5,22.0
Clas-030,Frio_humedo_y_muy_humedo,Montana,Espinazo,Frente,Sedimentarias,Entisol,5.143611111111111,-74.22500000000002,1787.0,Bien_drenado,False,Franca,Ocrico,50.0,15.0,6.0,15.0
Cj-207,Calido_humedo,Montana,Vallecito,Vega,Depositos_superficiales,Entisol,5.73917,-74.41694000000003,237.0,Pobre,False,Fina,Ocrico,110.0,34.0,6.5,41.0
Ma-196,Calido_seco,Lomerio,Cresta,Frente,Sedimentarias,Entisol,4.217416666666667,-74.60438888888888,494.0,Bien_drenado,False,Franca,Ocrico,34.0,12.0,5.5,22.0
T-25,Calido_seco,Lomerio,Cresta,Frente,Sedimentarias,Entisol,4.183882777777779,-74.60417361111111,700.0,Bien_drenado,False,Franca,Ocrico,120.0,30.0,5.2,66.0
Cj-309,Calido_seco,Montana,Espinazo,Reves,Sedimentarias,Entisol,4.284275,-74.51761111111111,798.0,Bien_drenado,False,Franca,Ocrico,55.0,25.0,5.5,25.0
25d0682,Muy_frio_humedo,Montana,Cono,Cuerpo,Depositos_superficiales,Entisol,5.166888888888889,-73.9567777777778,2976.0,Bien_drenado,False,Franca,Ocrico,55.0,12.0,3.8,43.0
Cj-400,Calido_seco,Montana,Cresta,Reves,Sedimentarias,Entisol,4.246388888888889,-74.48944444444443,988.0,Bien_drenado,False,Arcillosa,Ocrico,110.0,20.0,7.0,40.0
Jf-081,Templado_humedo_y_muy_humedo,Montana,Espinazo,Frente,Sedimentarias,Entisol,5.081198333333333,-74.43766166666667,974.0,Bien_drenado,False,Franca,Ocrico,64.0,14.0,5.5,50.0
73s0117,Calido_seco,Lomerio,Abanico,Plano,Depositos_superficiales,Entisol,4.200388888888889,-74.69769444444445,348.0,Bien_drenado,False,Franca,Ocrico,58.0,12.0,6.2,46.0
Ss-057,Templado_humedo_y_muy_humedo,Montana,Espinazo,Reves,Sedimentarias,Entisol,5.14325,-74.51272222222222,1032.0,Bien_drenado,False,Arcillosa,Ocrico,75.0,13.0,7.5,33.0
Cj-286,Calido_humedo,Montana,Loma,Ladera,Sedimentarias,Entisol,4.324897222222221,-74.63895000000002,561.0,Bien_drenado,False,Arcillosa,Ocrico,69.0,13.0,7.0,26.0
Em-164,Calido_humedo,Lomerio,Loma,Ladera,Sedimentarias,Entisol,4.166111111111111,-74.66916666666667,362.22,Bien_drenado,False,Fragmental,Ocrico,70.0,12.0,4.0,33.0
Ss-343,Calido_seco,Lomerio,Cresta,Reves,Sedimentarias,Entisol,4.329694444444444,-74.5971111111111,418.0,Excesivo,False,Franca,Ocrico,47.0,30.0,4.5,17.0
Em-095,Templado_humedo_y_muy_humedo,Montana,Espinazo,Frente,Sedimentarias,Entisol,5.64389,-74.24944,914.0,Bien_drenado,False,Franca,Ocrico,80.0,10.0,4.5,39.0
Ss-104,Calido_humedo_y_muy_humedo,Montana,Espinazo,Reves,Sedimentarias,Entisol,5.141,-74.47697222222223,1114.0,Bien_drenado,False,Franca,Ocrico,100.0,20.0,5.5,33.0
Ls-137,Muy_frio_humedo_y_muy_humedo,Montana,Cresta,Reves,Sedimentarias,Histosol,4.937916666666667,-73.73313888888889,3439.0,Bien_drenado,False,Disica,Folistico,77.0,52.0,4.0,20.0
25d0456,Muy_frio_humedo_y_muy_humedo,Montana,Loma,Ladera,Organica,Histosol,4.954444444444444,-73.71944444444446,3397.0,Muy_pobre,False,Euica,Histico,97.0,10.0,4.6,35.0
Cb-095,Muy_frio_humedo,Montana,Loma,Ladera,Sedimentarias,Histosol,5.395777777777778,-73.60777777777777,3394.0,Imperfecto,False,Disica,Histico,97.0,53.0,5.5,29.0
Cj-197,Calido_humedo_y_muy_humedo,Valle,Terraza,Bajo,Depositos_superficiales,Histosol,5.75477,-74.44784,200.0,Muy_pobre,False,Euica,Ocrico,110.0,20.0,5.0,20.0
25d0704,Muy_frio_humedo,Montana,Valle_estrecho,Terraza,Organica,Histosol,5.168333333333334,-74.02555555555556,3220.0,Muy_pobre,False,Euica,Histico,125.0,28.0,4.8,47.0
Csb-099,Muy_frio_humedo_y_muy_humedo,Montana,Terraza,Terraza,Organica,Histosol,4.91,-73.74777777777777,3008.0,Pobre,False,Disica,Histico,118.0,20.0,4.5,30.0
Sp-060,Muy_frio_humedo_y_muy_humedo,Montana,Artesa,Fondo_de_artesa,Depositos_superficiales,Histosol,4.4330830555555565,-74.20066694444445,3548.0,Muy_pobre,False,Franca,Histico,120.0,38.0,4.6,27.0
25d0786,Extremadamente_frio_humedo,Montana,Circo,Fondo_de_circo,Organica,Histosol,5.2146388888888895,-74.00685555555556,3665.0,Muy_pobre,False,Euica,Histico,120.0,35.0,4.3,32.0
25d0635,Extremadamente_frio_humedo,Montana,Artesa,Fondo_de_artesa,Organica,Histosol,5.241138888888889,-73.97977777777777,3635.0,Muy_pobre,False,Disica,Histico,125.0,50.0,4.3,37.0
Csb-078,Muy_frio_humedo_y_muy_humedo,Montana,Terraza,Terraza,Organica,Histosol,4.9222222222222225,-73.73944444444443,3024.0,Pobre,False,Disica,Histico,110.0,22.0,4.5,18.0
Cmv-016,Muy_frio_humedo,Montana,Cresta,Bajo,Organica,Histosol,5.710277777777778,-73.82138888888889,3333.0,Pobre,False,Euica,Histico,120.0,30.0,4.0,47.0
Ag-088,Muy_frio_humedo,Montana,Loma,Bajo,Organica,Histosol,5.226361111111111,-73.89586111111113,3079.0,Imperfecto,False,Euica,Histico,120.0,32.0,5.0,45.0
Csb-083,Muy_frio_humedo_y_muy_humedo,Montana,Terraza,Terraza,Organica,Histosol,4.910833333333334,-73.73583333333333,2995.0,Pobre,False,Disica,Histico,100.0,40.0,4.5,20.0
Mv-207,Muy_frio_humedo,Montana,Loma,Bajo,Organica,Histosol,5.221111111111111,-73.535,3261.0,Muy_pobre,False,Disica,Histico,120.0,62.0,4.5,33.0
Sp-059,Extremadamente_frio_humedo_muy_humedo_y_pluvial,Montana,Artesa,Morrena,Organica,Histosol,4.4338330555555565,-74.19819388888891,3647.0,Bien_drenado,False,Franca,Histico,75.0,36.0,4.2,20.0
25s0574,Muy_frio_humedo_y_muy_humedo,Montana,Cresta,Frente,Organica,Histosol,3.946416666666667,-74.37349999999998,3352.0,Bien_drenado,False,Disica,Folistico,130.0,60.0,3.2,70.0
Tf-022,Muy_frio_humedo_y_muy_humedo,Montana,Abanico,Cuerpo,Organica,Histosol,4.854333333333333,-73.78991666666667,3301.0,Pobre,False,Disica,Histico,120.0,22.0,4.0,23.0
Ag-118,Muy_frio_humedo,Montana,Cono,Cuerpo,Ceniza_volcanica,Histosol,5.205222222222221,-73.90725,3047.0,Imperfecto,True,Euica,Histico,120.0,28.0,5.5,31.0
Cjq-016,Muy_frio_humedo,Montana,Cresta,Bajo,Organica,Histosol,5.7141938888888895,-73.81766694444444,3369.0,Moderado,False,Euica,Histico,120.0,20.0,5.0,44.0
25s0586,Frio_humedo_y_muy_humedo,Montana,Cresta,Resalto,Organica,Histosol,4.085972222222222,-74.40275000000003,2579.0,Moderadamente_bien_drenado,False,Franca,Histico,100.0,50.0,4.6,50.0
Mv-114,Muy_frio_humedo_y_muy_humedo,Montana,Terraza,Terraza,Organica,Histosol,4.908611111111111,-73.74083333333333,3003.0,Pobre,False,Disica,Histico,120.0,29.0,4.0,17.0
Sp-203,Muy_frio_humedo_y_muy_humedo,Montana,Artesa,Fondo_de_artesa,Depositos_superficiales,Histosol,4.4181388888888895,-74.1886111111111,3597.0,Pobre,False,Disica,Histico,100.0,32.0,4.4,16.0
Cu-154,Extremadamente_frio_humedo_muy_humedo_y_pluvial,Montana,Artesa,Ladera,Depositos_superficiales,Histosol,4.0599277777777765,-74.28688166666666,3850.0,Bien_drenado,False,Disica,Folistico,120.0,32.0,4.2,8.0
Ls-208,Extremadamente_frio_humedo,Montana,Circo,Fondo_de_circo,Organica,Histosol,5.211611111111111,-74.00419722222222,3647.0,Muy_pobre,False,Euica,Histico,92.0,24.0,4.5,51.0
Mv-159,Muy_frio_humedo_y_muy_humedo,Montana,Terraza,Terraza,Organica,Histosol,4.918333333333334,-73.74333333333334,3008.0,Muy_pobre,False,Disica,Histico,120.0,25.0,4.0,85.0
Yd-013,Extremadamente_frio_humedo,Montana,Circo,Fondo_de_circo,Organica,Histosol,5.253833333333334,-73.97258333333333,3638.0,Pobre,False,Euica,Histico,120.0,32.0,4.5,49.0
Tf-021,Muy_frio_humedo_y_muy_humedo,Montana,Abanico,Cuerpo,Organica,Histosol,4.855722222222221,-73.78861111111111,3327.0,Muy_pobre,False,Disica,Histico,120.0,32.0,4.5,38.0
Cj-358,Frio_muy_humedo,Montana,Cresta,Resalto,Organica,Histosol,4.088888888888889,-74.40583333333333,2546.0,Pobre,False,Franca,Histico,110.0,30.0,5.5,16.0
Tf-023,Muy_frio_humedo_y_muy_humedo,Montana,Abanico,Cuerpo,Organica,Histosol,4.85361111111111,-73.79080555555555,3407.0,Pobre,False,Disica,Histico,120.0,19.0,4.5,21.0
Clas-082,Extremadamente_frio_humedo,Montana,Circo,Fondo_de_circo,Organica,Histosol,5.214702777777778,-74.00689722222222,3549.0,Imperfecto,False,Euica,Folistico,120.0,30.0,4.0,31.0
Do-369,Muy_frio_humedo,Montana,Cresta,Frente,Organica,Histosol,3.9459166666666654,-74.3737222222222,3380.0,Bien_drenado,False,Disica,Histico,140.0,27.0,4.0,50.0
Sp-137,Extremadamente_frio_humedo_muy_humedo_y_pluvial,Montana,Circo,Cubeta,Organica,Histosol,5.223333055555557,-74.03027777777778,3663.0,Muy_pobre,False,Disica,Histico,127.0,23.0,4.0,28.0
Gp-148,Muy_frio_humedo,Montana,Espinazo,Frente,Sedimentarias,Histosol,5.157244444444445,-73.60599166666667,3146.0,Imperfecto,True,Disica,Histico,120.0,90.0,5.5,30.0
Cp-129,Muy_frio_humedo_y_muy_humedo,Montana,Artesa,Ladera,Sedimentarias,Histosol,4.737138888888889,-73.88258333333333,3492.0,Pobre,False,Euica,Histico,45.0,20.0,5.0,20.0
Ccp-128,Muy_frio_humedo_y_muy_humedo,Montana,Artesa,Ladera,Sedimentarias,Histosol,4.737138888888889,-73.88347222222222,3470.0,Pobre,False,Disica,Histico,47.0,21.0,5.0,21.0
Yd-016,Extremadamente_frio_humedo,Montana,Circo,Cubeta,Organica,Histosol,5.2475000000000005,-73.97530555555555,3660.0,Muy_pobre,False,Euica,Histico,120.0,25.0,4.5,20.0
Kg-095*,Muy_frio_humedo,Montana,Cresta,Frente,Organica,Histosol,4.018805555555557,-74.38002777777777,3230.0,Bien_drenado,False,Disica,Histico,53.0,43.0,4.5,10.0
Yd-017,Extremadamente_frio_humedo,Montana,Circo,Cubeta,Organica,Histosol,5.247000000000001,-73.97561111111109,3660.0,Muy_pobre,False,Euica,Histico,120.0,30.0,4.5,90.0
Csb-081,Muy_frio_humedo_y_muy_humedo,Montana,Terraza,Terraza,Organica,Histosol,4.914166666666668,-73.7361111111111,3007.0,Pobre,False,Disica,Histico,100.0,35.0,4.5,35.0
Mv-205,Muy_frio_humedo,Montana,Loma,Bajo,Organica,Histosol,5.221388888888889,-73.53333333333333,3258.0,Muy_pobre,False,Disica,Histico,82.0,24.0,4.0,15.0
Cb-028,Muy_frio_humedo_y_muy_humedo,Montana,Abanico,Apice,Depositos_superficiales,Histosol,4.723833333333333,-73.89200000000002,3346.0,Bien_drenado,False,Disica,Folistico,120.0,18.0,4.5,45.0
Gb-080,Muy_frio_humedo_y_muy_humedo,Montana,Glacis,Terraza,Depositos_superficiales,Histosol,4.9596944444444455,-73.69847222222222,3364.0,Pobre,True,Disica,Histico,120.0,30.0,5.0,40.0
25s0554,Extremadamente_frio_humedo_muy_humedo_y_pluvial,Montana,Artesa,Fondo_de_artesa,Depositos_superficiales,Histosol,4.157944444444444,-74.28647222222223,3606.0,Pobre,False,Disica,Histico,130.0,40.0,4.9,35.0
Wh-014,Muy_frio_humedo_y_muy_humedo,Montana,Cresta,Frente,Organica,Histosol,4.869588333333334,-73.73073166666667,2992.0,Pobre,False,Disica,Histico,120.0,27.0,5.0,17.0
Clas-126,Muy_frio_humedo,Montana,Valle_estrecho,Terraza,Organica,Histosol,5.168222222222223,-74.02655555555556,3225.0,Bien_drenado,False,Euica,Folistico,120.0,30.0,5.0,31.0
Clas-083,Extremadamente_frio_humedo,Montana,Circo,Fondo_de_circo,Organica,Histosol,5.215858333333333,-74.00253888888889,3658.0,Pobre,False,Euica,Folistico,120.0,25.0,4.0,23.0
25d0629,Extremadamente_frio_humedo,Montana,Circo,Fondo_de_circo,Organica,Histosol,5.2123888888888885,-74.00327777777778,3645.0,Muy_pobre,False,Euica,Folistico,130.0,40.0,4.5,45.0
Ts-077,Muy_frio_humedo_y_muy_humedo,Montana,Espinazo,Reves,Ceniza_volcanica,Histosol,4.857777777777779,-73.77181111111109,3240.0,Pobre,True,Disica,Histico,120.0,50.0,4.5,50.0
Mv-098,Muy_frio_humedo_y_muy_humedo,Montana,Terraza,Terraza,Organica,Histosol,4.905555555555557,-73.74166666666667,3018.0,Muy_pobre,False,Disica,Histico,120.0,18.0,4.0,46.0
Gb-110,Muy_frio_humedo,Montana,Cresta,Reves,Sedimentarias,Histosol,5.399361111111111,-73.61975,3284.0,Pobre,False,Disica,Histico,70.0,20.0,5.0,50.0
Cle-029,Muy_frio_humedo,Montana,Espinazo,Reves,Sedimentarias,Inceptisol,5.7363888888888885,-73.8275,3103.0,Bien_drenado,False,Franca,Ocrico,120.0,20.0,5.5,16.0
Ma-273,Templado_humedo,Montana,Abanico,Talud,Depositos_superficiales,Inceptisol,4.390138888888889,-74.38441666666667,1459.0,Imperfecto,False,Franca,Ocrico,120.0,14.0,5.0,30.0
Ym-116,Calido_humedo_y_muy_humedo,Valle,Terraza,Bajo,Depositos_superficiales,Inceptisol,5.756306111111113,-74.53119388888891,202.0,Muy_pobre,False,Fina,Umbrico,88.0,16.0,5.0,17.0
Cj-005,Templado_humedo_y_muy_humedo,Montana,Espinazo,Frente,Sedimentarias,Inceptisol,4.873758333333334,-74.550675,1641.0,Bien_drenado,False,Fina,Ocrico,110.0,33.0,6.0,32.0
Wh-060,Muy_frio_humedo,Montana,Espinazo,Frente,Sedimentarias,Inceptisol,5.231552777777779,-74.04588611111113,3278.0,Bien_drenado,True,Arcillosa,Umbrico,120.0,25.0,4.5,45.0
Le-296,Templado_humedo,Montana,Loma,Ladera,Sedimentarias,Inceptisol,4.335188888888888,-74.5397,1155.0,Bien_drenado,False,Franca,Ocrico,63.0,12.0,5.5,13.0
25s0387,Templado_humedo,Montana,Cresta,Frente,Sedimentarias,Inceptisol,5.228361111111111,-74.60844444444443,1079.0,Bien_drenado,False,Arcillosa,Ocrico,120.0,18.0,5.8,16.0
Cle-006,Templado_humedo_y_muy_humedo,Montana,Espinazo,Reves,Sedimentarias,Inceptisol,5.023611111111111,-74.55944444444444,1803.0,Bien_drenado,True,Fina,Umbrico,120.0,27.0,5.5,11.0
Ma-225,Calido_seco,Lomerio,Valle_estrecho,Terraza,Depositos_superficiales,Inceptisol,4.3029166666666665,-74.66555555555556,309.0,Bien_drenado,False,Franca,Umbrico,120.0,19.0,6.0,27.0
Cgp-119*,Muy_frio_muy_humedo,Montana,Cresta,Reves,Sedimentarias,Inceptisol,3.892791111111111,-74.37409388888888,3292.985,Bien_drenado,True,Franca,Umbrico,120.0,30.0,5.5,26.0
Mb-137,Calido_humedo,Montana,Vallecito,Vega,Depositos_superficiales,Inceptisol,5.3705,-74.50910999999998,809.0,Bien_drenado,False,Franca,Ocrico,120.0,16.0,7.5,32.0
Csb-026,Templado_humedo_y_muy_humedo,Montana,Espinazo,Reves,Sedimentarias,Inceptisol,5.27778,-74.51944,1595.0,Bien_drenado,True,Franca,Umbrico,110.0,30.0,5.5,20.0
Ss-038,Calido_seco,Montana,Coluvio,Cuerpo,Depositos_superficiales,Inceptisol,5.206388888888889,-74.58661111111111,437.0,Bien_drenado,False,Arcillosa,Ocrico,50.0,20.0,4.5,30.0
Wh-243,Muy_frio_humedo,Montana,Glacis,Talud,Depositos_superficiales,Inceptisol,5.131769444444443,-73.97033055555556,2991.0,Bien_drenado,False,Fina,Umbrico,120.0,32.0,5.0,21.0
Df-333,Calido_seco,Lomerio,Cuesta,Frente,Sedimentarias,Inceptisol,4.199166666666667,-74.74972222222222,309.0,Bien_drenado,False,Franca,Ocrico,57.0,12.0,6.5,22.0
73s0168,Calido_seco,Lomerio,Cresta,Reves,Sedimentarias,Inceptisol,4.195833333333334,-74.67194444444445,324.0,Bien_drenado,False,Fina,Ocrico,100.0,14.0,5.1,43.0
Gp-049,Muy_frio_humedo_y_muy_humedo,Montana,Loma,Ladera,Sedimentarias,Inceptisol,4.9591480555555565,-73.74055055555556,3241.0,Bien_drenado,True,Fina,Umbrico,120.0,38.0,5.5,22.0
Em-125,Calido_humedo,Lomerio,Loma,Ladera,Sedimentarias,Inceptisol,4.064722222222222,-74.77305555555556,408.0,Bien_drenado,False,Franca,Ocrico,50.0,11.0,4.0,25.0
25s0500,Templado_humedo,Montana,Espinazo,Reves,Sedimentarias,Inceptisol,5.014722222222222,-74.28805555555556,1760.0,Bien_drenado,True,Franca,Umbrico,120.0,30.0,5.1,55.0
Jg-092,Muy_frio_humedo,Montana,Espinazo,Reves,Ceniza_volcanica,Inceptisol,5.106833333333333,-74.03066666666666,3416.0,Bien_drenado,True,Arcillosa,Umbrico,120.0,25.0,4.0,15.0
Ts-127,Muy_frio_humedo,Montana,Espinazo,Reves,Sedimentarias,Inceptisol,5.365794444444443,-73.61610833333333,3528.0,Bien_drenado,True,Arcillosa,Umbrico,65.0,36.0,4.5,26.0
Em-119,Calido_humedo_y_muy_humedo,Montana,Espinazo,Frente,Sedimentarias,Inceptisol,5.84472,-74.33610999999998,462.0,Bien_drenado,False,Franca,Ocrico,90.0,20.0,4.5,40.0
Le-028,Calido_seco,Montana,Cresta,Reves,Sedimentarias,Inceptisol,5.245,-74.57777777777777,524.0,Bien_drenado,False,Arcillosa,Ocrico,30.0,12.0,6.5,12.0
Cjq-140,Calido_humedo,Piedemonte,Abanico,Cuerpo,Depositos_superficiales,Inceptisol,5.83561,-74.35144,254.0,Bien_drenado,False,Franca,Molico,120.0,20.0,6.5,22.0
Cp-112,Muy_frio_humedo_y_muy_humedo,Montana,Coluvio,Cuerpo,Depositos_superficiales,Inceptisol,4.711444444444445,-73.88577777777779,3377.0,Bien_drenado,True,Franca,Umbrico,95.0,10.0,5.0,40.0
Cp-132,Muy_frio_humedo_y_muy_humedo,Montana,Cresta,Reves,Sedimentarias,Inceptisol,4.761583333333333,-73.91563888888889,3299.0,Bien_drenado,False,Franca,Umbrico,116.0,18.0,5.0,30.0
Cjq-098,Muy_frio_humedo_y_muy_humedo,Montana,Vallecito,Vega,Depositos_superficiales,Inceptisol,5.0377222222222215,-73.67652777777778,3044.0,Bien_drenado,False,Franca,Umbrico,74.0,24.0,5.0,24.0
807,Calido_humedo,Valle,Terraza,Plano,Depositos_superficiales,Inceptisol,5.755098055555559,-74.56278305555556,167.0,Pobre,False,Franca,Ocrico,120.0,14.0,8.1,66.0
Cjf-071,Muy_frio_humedo_y_muy_humedo,Montana,Espinazo,Frente,Sedimentarias,Inceptisol,4.890005,-73.74703166666667,3272.7,Bien_drenado,False,Franca,Umbrico,110.0,14.0,4.0,24.0
25s0233,Calido_humedo,Lomerio,Vega,Bajo,Depositos_superficiales,Inceptisol,5.749805555555558,-74.456,199.0,Imperfecto,False,Franca,Ocrico,120.0,32.0,5.9,22.0
Jv-053,Muy_frio_humedo_y_muy_humedo,Montana,Cresta,Reves,Sedimentarias,Inceptisol,4.848583333333333,-73.76552777777778,3399.0,Bien_drenado,False,Franca,Umbrico,82.0,30.0,4.5,52.0
Cj-350,Calido_seco,Montana,Espinazo,Reves,Sedimentarias,Inceptisol,4.303888888888888,-74.685,554.0,Bien_drenado,False,Franca,Molico,120.0,19.0,7.0,13.0
Cle-028,Muy_frio_humedo,Montana,Espinazo,Frente,Sedimentarias,Inceptisol,5.7361111111111125,-73.83,3128.0,Bien_drenado,False,Franca,Umbrico,50.0,15.0,5.5,23.0
Ts-138,Frio_humedo,Montana,Coluvio,Cuerpo,Depositos_superficiales,Inceptisol,5.1331388888888885,-73.63622500000002,2851.0,Bien_drenado,False,Arcillosa,Umbrico,95.0,35.0,4.5,23.0
Df-391,Muy_frio_humedo,Montana,Cresta,Frente,Ceniza_volcanica,Inceptisol,4.166388888888889,-74.32388888888889,3335.0,Bien_drenado,True,Franca,Umbrico,120.0,31.0,6.0,24.0
Cle-127,Templado_humedo_y_muy_humedo,Montana,Coluvio,Cuerpo,Depositos_superficiales,Inceptisol,5.36806,-74.37666999999998,1320.0,Bien_drenado,False,Fina,Ocrico,80.0,10.0,4.5,18.0
856,Calido_humedo,Valle,Terraza,Albardon,Depositos_superficiales,Inceptisol,5.613471944444443,-74.61136111111111,190.0,Bien_drenado,False,Franca,Ocrico,180.0,85.0,7.1,85.0
Cjg-001,Muy_frio_humedo,Montana,Espinazo,Frente,Sedimentarias,Inceptisol,5.176666666666667,-74.03352777777778,3346.0,Bien_drenado,False,Fina,Ocrico,120.0,12.0,5.3,21.0
Jav-133,Muy_frio_humedo,Montana,Cresta,Frente,Sedimentarias,Inceptisol,5.210222222222223,-73.82080555555554,3186.0,Bien_drenado,False,Arcillosa,Umbrico,60.0,25.0,4.5,24.0
25d0564,Muy_frio_humedo,Montana,Espinazo,Frente,Sedimentarias,Inceptisol,5.356953888888889,-73.63388805555556,3320.0,Bien_drenado,False,Arenosa,Umbrico,110.0,20.0,4.1,25.0
Jq-082,Muy_frio_humedo_y_muy_humedo,Montana,Espinazo,Reves,Sedimentarias,Inceptisol,4.977972222222221,-73.61288888888889,3017.0,Bien_drenado,False,Franca,Umbrico,30.0,13.0,4.5,17.0
Ln-083,Templado_humedo_y_muy_humedo,Montana,Loma,Ladera,Sedimentarias,Inceptisol,5.1225,-74.38444444444445,1115.0,Bien_drenado,False,Fina,Umbrico,100.0,18.0,5.5,18.0
Ss-138,Templado_humedo_y_muy_humedo,Montana,Espinazo,Frente,Sedimentarias,Inceptisol,5.28981,-74.40442,1437.0,Bien_drenado,False,Fina,Molico,70.0,31.0,7.5,17.0
Lc-030,Frio_humedo,Planicie,Terraza,Talud,Depositos_superficiales,Inceptisol,4.921911111111111,-74.088625,2584.0,Moderadamente_bien_drenado,True,Fina,Umbrico,130.0,33.0,5.4,32.0
Ma-127,Calido_humedo,Lomerio,Espinazo,Resalto,Depositos_superficiales,Inceptisol,4.121444444444443,-74.76675,330.0,Bien_drenado,False,Franca,Ocrico,120.0,18.0,6.5,42.0
Csb-057,Templado_humedo_y_muy_humedo,Montana,Espinazo,Frente,Ceniza_volcanica,Inceptisol,5.616666666666667,-74.35943999999998,1262.0,Bien_drenado,True,Franca,Umbrico,100.0,40.0,5.5,20.0
Do-231,Calido_humedo_y_muy_humedo,Montana,Espinazo,Frente,Sedimentarias,Inceptisol,5.816388888888889,-74.31472222222223,487.0,Bien_drenado,False,Arcillosa,Umbrico,105.0,22.0,5.5,39.0
Bo-147,Calido_humedo_y_muy_humedo,Lomerio,Loma,Ladera,Sedimentarias,Inceptisol,5.798958333333332,-74.54873888888889,229.0,Bien_drenado,False,Franca,Ocrico,90.0,30.0,5.0,30.0
Jq-196,Templado_seco,Montana,Loma,Ladera,Sedimentarias,Inceptisol,4.1771666666666665,-74.50602777777777,1084.0,Bien_drenado,False,Arcillosa,Ocrico,118.0,17.0,5.0,19.0
Gb-006,Muy_frio_humedo_y_muy_humedo,Montana,Espinazo,Reves,Sedimentarias,Inceptisol,4.992361111111111,-73.60236111111111,3008.0,Bien_drenado,False,Franca,Umbrico,45.0,20.0,5.0,20.0
Am-018,Templado_humedo_y_muy_humedo,Montana,Valle_estrecho,Terraza,Depositos_superficiales,Molisol,4.914722222222221,-74.51722222222223,1022.0,Bien_drenado,False,Franca,Molico,83.0,28.0,7.0,28.0
Bo-114,Calido_humedo,Montana,Vallecito,Vega,Depositos_superficiales,Molisol,5.4024694444444465,-74.53066111111113,386.0,Bien_drenado,False,Fina,Molico,120.0,30.0,6.5,15.0
Df-145,Calido_humedo_y_muy_humedo,Montana,Espinazo,Reves,Sedimentarias,Molisol,5.4044444444444455,-74.58944444444444,642.0,Bien_drenado,False,Fina,Molico,110.0,23.0,6.0,27.0
Cj-234,Calido_humedo_y_muy_humedo,Valle,Plano,Reves,Depositos_superficiales,Molisol,5.77083,-74.41583,199.0,Imperfecto,False,Limosa,Molico,120.0,21.0,8.0,35.0
25s0423,Templado_humedo,Montana,Espinazo,Resalto,Depositos_superficiales,Molisol,5.326816666666667,-74.44211111111113,1119.0,Bien_drenado,False,Fina,Molico,120.0,30.0,6.7,20.0
Ym-008,Calido_humedo_y_muy_humedo,Montana,Cresta,Reves,Sedimentarias,Molisol,5.146528055555557,-74.54660305555555,790.0,Bien_drenado,False,Franca,Molico,54.0,20.0,6.0,34.0
Cbo-049,Templado_humedo_y_muy_humedo,Montana,Espinazo,Reves,Sedimentarias,Molisol,5.261930555555557,-74.51348888888889,1504.0,Bien_drenado,False,Franca,Molico,50.0,24.0,5.5,21.0
Cj-011,Templado_humedo_y_muy_humedo,Montana,Espinazo,Frente,Sedimentarias,Molisol,4.829341666666666,-74.51823333333333,1301.0,Bien_drenado,False,Fina,Molico,100.0,34.0,7.0,18.0
Df-201,Calido_humedo_y_muy_humedo,Valle,Terraza,Terraza,Depositos_superficiales,Molisol,5.636388888888887,-74.49055555555556,237.0,Bien_drenado,False,Fina,Molico,120.0,22.0,7.0,19.0
Cjf-145,Calido_humedo_y_muy_humedo,Montana,Espinazo,Reves,Sedimentarias,Molisol,5.3974433333333325,-74.56731166666667,669.0,Bien_drenado,False,Fina,Molico,80.0,23.0,7.0,17.0
Csb-023,Calido_humedo_y_muy_humedo,Montana,Espinazo,Reves,Sedimentarias,Molisol,5.21833,-74.50889000000002,596.0,Bien_drenado,False,Arcillosa,Molico,80.0,20.0,7.0,20.0
Cle-215,Calido_seco,Lomerio,Loma,Ladera,Sedimentarias,Molisol,4.177730555555557,-74.72415277777776,312.0,Bien_drenado,False,Franca,Molico,60.0,12.0,7.0,12.0
Clas-212,Calido_seco,Lomerio,Loma,Ladera,Sedimentarias,Molisol,4.252305555555555,-74.72561111111109,321.0,Bien_drenado,False,Franca,Molico,70.0,21.0,6.5,23.0
Df-208,Calido_humedo_y_muy_humedo,Lomerio,Loma,Ladera,Sedimentarias,Molisol,5.749722222222222,-74.54722222222222,193.0,Bien_drenado,False,Franca,Molico,120.0,28.0,6.0,19.0
Ss-207,Calido_humedo_y_muy_humedo,Valle,Plano,Apice,Depositos_superficiales,Molisol,5.77625,-74.53339,183.0,Bien_drenado,False,Franca,Molico,105.0,26.0,7.5,17.0
Ma-013,Templado_humedo_y_muy_humedo,Montana,Espinazo,Frente,Sedimentarias,Molisol,4.845972222222222,-74.52252777777778,1245.0,Bien_drenado,False,Franca,Molico,120.0,18.0,8.0,32.0
Cjf-220,Calido_humedo_y_muy_humedo,Lomerio,Loma,Ladera,Sedimentarias,Molisol,5.731416666666667,-74.523995,205.0,Bien_drenado,False,Franca,Molico,65.0,42.0,5.5,23.0
Ma-249,Templado_seco,Montana,Espinazo,Frente,Sedimentarias,Molisol,4.1234166666666665,-74.47722222222222,1145.0,Bien_drenado,False,Franca,Umbrico,54.0,15.0,6.0,39.0
M-008,Calido_humedo,Valle,Plano,Plano,Depositos_superficiales,Molisol,5.7195694444444465,-74.63205555555554,152.0,Moderadamente_bien_drenado,False,Arcillosa,Molico,150.0,30.0,7.6,45.0
Am-046,Templado_humedo_y_muy_humedo,Montana,Loma,Ladera,Sedimentarias,Molisol,5.066111111111111,-74.5011111111111,1275.0,Bien_drenado,False,Fina,Molico,78.0,21.0,4.0,22.0
Ccj-155,Templado_humedo_y_muy_humedo,Montana,Espinazo,Reves,Sedimentarias,Molisol,5.36977,-74.49996,950.0,Bien_drenado,False,Arcillosa,Molico,70.0,33.0,7.0,22.0
Bo-066,Calido_humedo_y_muy_humedo,Montana,Cresta,Resalto,Depositos_superficiales,Molisol,5.113099999999998,-74.4578,947.0,Bien_drenado,False,Franca,Molico,120.0,34.0,6.0,21.0
Df-242,Calido_humedo,Lomerio,Vallecito,Vega,Depositos_superficiales,Molisol,4.144247222222223,-74.76495833333334,346.0,Bien_drenado,False,Franca,Molico,120.0,34.0,6.0,41.0
Csb-044,Templado_humedo_y_muy_humedo,Montana,Espinazo,Frente,Sedimentarias,Molisol,5.3636099999999995,-74.47861,1194.0,Bien_drenado,False,Franca,Molico,70.0,20.0,6.5,20.0
25s0281,Calido_seco,Montana,Espinazo,Reves,Sedimentarias,Molisol,5.205,-74.49416666666667,574.0,Bien_drenado,False,Franca,Molico,123.0,30.0,7.1,33.0
Cj-259,Calido_seco,Lomerio,Vega,Bajo,Depositos_superficiales,Molisol,4.202375,-74.72615833333333,293.0,Pobre,False,Fina,Molico,100.0,18.0,6.5,32.0
Cjq-100,Templado_humedo_y_muy_humedo,Montana,Vallecito,Vega,Depositos_superficiales,Molisol,5.44528,-74.37986,1042.0,Bien_drenado,False,Franca,Molico,60.0,20.0,5.0,40.0
Cle-026,Templado_humedo_y_muy_humedo,Montana,Espinazo,Frente,Sedimentarias,Molisol,5.1147222222222215,-74.55611111111111,1282.0,Bien_drenado,True,Arcillosa,Molico,40.0,18.0,7.0,16.0
Js-06,Templado_seco,Montana,Abanico,Plano,Depositos_superficiales,Molisol,4.2717777777777775,-74.50186111111111,1100.0,Bien_drenado,False,Franca,Molico,60.0,18.0,7.2,42.0
Df-225,Calido_humedo_y_muy_humedo,Valle,Plano,Meandro_abandonado,Depositos_superficiales,Molisol,5.7444444444444445,-74.62027777777777,175.0,Bien_drenado,False,Franca,Molico,120.0,34.0,7.0,37.0
25s0460,Calido_humedo,Montana,Coluvio,Cuerpo,Depositos_superficiales,Molisol,4.964138888888889,-74.49547222222222,1033.0,Bien_drenado,False,Fina,Molico,146.0,36.0,7.3,42.0
Ln-216,Calido_humedo_y_muy_humedo,Valle,Plano,Cubeta,Depositos_superficiales,Molisol,5.7508333333333335,-74.61638888888888,174.0,Muy_pobre,False,Limosa,Molico,100.0,20.0,7.0,25.0
Cp-152,Calido_humedo,Lomerio,Loma,Ladera,Sedimentarias,Molisol,4.105833333333333,-74.75283333333333,331.0,Bien_drenado,False,Fina,Ocrico,47.0,20.0,4.5,12.0
Cjq-271,Templado_seco,Montana,Abanico,Talud,Depositos_superficiales,Molisol,4.253972222222221,-74.47783333333334,1082.0,Bien_drenado,False,Franca,Umbrico,36.0,18.0,6.0,18.0
Le-082,Templado_humedo_y_muy_humedo,Montana,Espinazo,Frente,Sedimentarias,Molisol,5.207222222222223,-74.40361111111113,1003.0,Bien_drenado,False,Fina,Molico,120.0,21.0,6.5,22.0
Ccj-026,Templado_humedo_y_muy_humedo,Montana,Espinazo,Reves,Sedimentarias,Molisol,4.968194444444444,-74.49786111111109,1364.0,Bien_drenado,False,Franca,Molico,110.0,26.0,8.0,29.0
Df-171,Calido_humedo_y_muy_humedo,Montana,Espinazo,Reves,Sedimentarias,Molisol,5.501666666666668,-74.50333333333333,567.0,Bien_drenado,False,Fina,Molico,120.0,34.0,5.5,21.0
Bo-040,Calido_seco,Montana,Espinazo,Reves,Sedimentarias,Molisol,5.204866666666667,-74.49406944444446,604.0,Bien_drenado,False,Franca,Molico,65.0,22.0,7.0,28.0
25s0496,Templado_humedo,Montana,Loma,Ladera,Sedimentarias,Molisol,5.026305555555553,-74.50113888888889,1054.0,Bien_drenado,False,Fina,Molico,125.0,30.0,7.5,37.0
Cp-148,Calido_seco,Lomerio,Valle_estrecho,Terraza,Depositos_superficiales,Molisol,4.160111111111111,-74.75722222222224,305.0,Bien_drenado,False,Franca,Molico,65.0,30.0,5.5,20.0
Cbo-089,Templado_humedo_y_muy_humedo,Montana,Espinazo,Reves,Sedimentarias,Molisol,5.301769444444443,-74.59057222222222,996.0,Bien_drenado,False,Fina,Molico,115.0,28.0,6.5,22.0
Ln-146,Calido_humedo_y_muy_humedo,Montana,Espinazo,Resalto,Depositos_superficiales,Molisol,5.317777777777779,-74.6352777777778,606.0,Bien_drenado,False,Franca,Molico,60.0,21.0,7.0,16.0
Ccj-160,Templado_humedo_y_muy_humedo,Montana,Espinazo,Reves,Sedimentarias,Molisol,5.350230000000002,-74.43939,1586.0,Bien_drenado,False,Franca,Molico,110.0,32.0,7.0,28.0
Ss-251,Calido_seco,Lomerio,Valle_estrecho,Terraza,Depositos_superficiales,Molisol,4.270611111111111,-74.70644444444444,311.0,Bien_drenado,False,Fina,Molico,100.0,22.0,7.0,31.0
Cjf-164,Calido_humedo_y_muy_humedo,Montana,Cresta,Frente,Sedimentarias,Molisol,5.4165550000000025,-74.50587833333333,717.0,Bien_drenado,False,Arcillosa,Molico,110.0,33.0,7.0,17.0
Cjf-025,Calido_humedo_y_muy_humedo,Montana,Coluvio,Cuerpo,Depositos_superficiales,Molisol,4.967398333333334,-74.49367333333333,999.0,Bien_drenado,False,Fina,Molico,100.0,21.0,7.0,44.0
Rk-209,Calido_humedo,Valle,Plano,Reves,Depositos_superficiales,Molisol,5.757999999999999,-74.62444444444444,182.0,Bien_drenado,False,Limosa,Molico,120.0,20.0,7.5,18.0
Csb-147,Templado_seco,Montana,Coluvio,Cuerpo,Depositos_superficiales,Molisol,4.1577777777777785,-74.47305555555556,1445.0,Bien_drenado,False,Arcillosa,Umbrico,55.0,18.0,6.0,16.0
Ln-084,Templado_humedo_y_muy_humedo,Montana,Espinazo,Frente,Sedimentarias,Molisol,5.126388888888886,-74.38305555555554,1208.0,Bien_drenado,False,Arcillosa,Molico,52.0,20.0,5.5,17.0
25s0548,Templado_seco,Montana,Coluvio,Cuerpo,Depositos_superficiales,Molisol,4.157388888888889,-74.47219444444444,1192.0,Bien_drenado,False,Arcillosa,Molico,115.0,20.0,5.4,17.0
