CODIGO,CLIMA_AMBIENTAL,PAISAJE,TIPO_RELIEVE,FORMA_TERRENO,MATERIAL_PARENTAL_LITOLOGIA,LATITUD,LONGITUD,ALTITUD,DRENAJE_NATURAL,CONTENIDO_CENIZA_VOLCANICA,FAMILIA_TEXTURAL,EPIPEDON,PROFUNDIDAD_MAXIMA,H1_ESPESOR,H1_RESULTADO_ph,H2_ESPESOR
Cj-151,Muy_frio_humedo,Montana,Espinazo,Reves,Ceniza_volcanica,5.1686111111111135,-73.5425,3028.0,Bien_drenado,True,Medial,Melanico,100.0,22.0,4.0,33.0
Le-164,Muy_frio_humedo_y_muy_humedo,Montana,Espinazo,Frente,Sedimentarias,4.981111111111111,-73.68944444444446,3326.0,Bien_drenado,True,Medial,Umbrico,100.0,23.0,4.5,39.0
25d0679,Muy_frio_humedo,Montana,Abanico,Apice,Ceniza_volcanica,5.162305555555556,-73.97627777777778,3079.0,Bien_drenado,True,Medial,Melanico,130.0,25.0,5.4,25.0
Df-061,Frio_humedo_y_muy_humedo,Montana,Cresta,Frente,Ceniza_volcanica,5.053425,-74.17328888888889,2744.0,Bien_drenado,True,Medial,Umbrico,38.0,21.0,6.5,17.0
Jq-267,Extremadamente_frio_humedo,Montana,Espinazo,Reves,Ceniza_volcanica,5.1846111111111135,-73.97500000000002,3609.0,Bien_drenado,True,Medial,Melanico,47.0,30.0,4.5,15.0
Mv-041,Frio_humedo,Montana,Loma,Ladera,Ceniza_volcanica,4.276944444444443,-74.275,2686.0,Bien_drenado,True,Medial,Umbrico,125.0,27.0,6.0,24.0
Ss-078,Templado_humedo_y_muy_humedo,Montana,Espinazo,Frente,Ceniza_volcanica,5.110833333333333,-74.29225,1517.0,Bien_drenado,True,Medial,Umbrico,120.0,20.0,5.5,20.0
Cp-103,Templado_humedo_y_muy_humedo,Montana,Coluvio,Cuerpo,Depositos_superficiales,5.5409444444444444,-74.25355555555555,1392.0,Bien_drenado,False,Medial,Umbrico,87.0,19.0,5.5,17.0
Lc-111,Frio_seco,Planicie,Terraza,Plano,Ceniza_volcanica,4.806771944444444,-74.34105194444443,2623.0,Imperfecto,True,Medial,Umbrico,130.0,23.0,6.3,32.0
Wh-237,Muy_frio_humedo,Montana,Loma,Ladera,Ceniza_volcanica,5.1408111111111126,-73.96107777777777,3059.0,Bien_drenado,True,Medial,Melanico,120.0,24.0,5.5,46.0
Jg-012,Extremadamente_frio_humedo,Montana,Espinazo,Reves,Ceniza_volcanica,5.188472222222223,-74.04686111111111,3656.0,Bien_drenado,True,Medial,Melanico,70.0,29.0,4.5,31.0
Rm-061,Muy_frio_humedo,Montana,Espinazo,Frente,Ceniza_volcanica,5.137111111111111,-74.02480555555556,3400.0,Bien_drenado,True,Medial,Melanico,120.0,60.0,4.0,30.0
Df-358,Frio_humedo,Montana,Cresta,Escarpe,Sedimentarias,4.028888888888889,-74.50972222222222,2154.0,Bien_drenado,False,Medial,Umbrico,82.0,29.0,6.0,34.0
Csb-160,Muy_frio_humedo,Montana,Loma,Ladera,Ceniza_volcanica,5.236266666666666,-73.52266944444446,3290.0,Bien_drenado,True,Medial,Melanico,100.0,40.0,5.0,30.0
Jf-313,Muy_frio_humedo,Montana,Loma,Ladera,Ceniza_volcanica,5.166756666666667,-73.90524833333333,3184.2,Bien_drenado,True,Medial,Melanico,105.0,50.0,5.5,55.0
Gb-028,Muy_frio_humedo_y_muy_humedo,Montana,Espinazo,Reves,Ceniza_volcanica,5.020444444444443,-73.69969444444446,3024.0,Bien_drenado,True,Medial,Melanico,100.0,65.0,5.0,35.0
Rk-084,Muy_frio_humedo,Montana,Espinazo,Frente,Ceniza_volcanica,5.391555555555557,-73.86813888888888,3341.0,Bien_drenado,True,Medial,Melanico,120.0,27.0,6.0,32.0
Jf-266,Muy_frio_humedo,Montana,Loma,Ladera,Ceniza_volcanica,5.189405000000002,-73.90090833333333,3074.7,Bien_drenado,True,Medial,Melanico,110.0,77.0,4.5,33.0
Cb-260,Muy_frio_humedo,Montana,Coluvio,Cuerpo,Ceniza_volcanica,5.357611111111111,-73.9550277777778,3029.0,Bien_drenado,True,Medial,Melanico,90.0,18.0,6.0,72.0
Cj-370,Templado_humedo,Montana,Espinazo,Frente,Ceniza_volcanica,4.016666666666667,-74.51055555555557,1893.0,Bien_drenado,True,Arcillosa,Umbrico,80.0,19.0,6.0,36.0
Sb-158,Muy_frio_humedo,Montana,Espinazo,Frente,Ceniza_volcanica,5.228888888888889,-73.52222222222224,3326.0,Bien_drenado,True,Medial,Melanico,100.0,30.0,4.5,30.0
Ij-090,Muy_frio_humedo,Montana,Espinazo,Frente,Ceniza_volcanica,5.23525,-73.9865,3500.0,Bien_drenado,True,Medial,Umbrico,120.0,31.0,5.0,48.0
Cdf-048,Frio_humedo_y_muy_humedo,Montana,Espinazo,Reves,Ceniza_volcanica,5.120383333333333,-74.21267222222222,2156.0,Bien_drenado,True,Medial,Umbrico,41.0,18.0,5.5,23.0
Am-149,Templado_humedo_y_muy_humedo,Montana,Espinazo,Frente,Ceniza_volcanica,5.586939999999999,-74.41666666666667,1053.0,Bien_drenado,True,Medial,Umbrico,110.0,21.0,5.5,16.0
Ag-192,Muy_frio_humedo,Montana,Espinazo,Frente,Ceniza_volcanica,5.0729444444444445,-74.0415,3411.0,Bien_drenado,True,Medial,Melanico,50.0,26.0,5.5,24.0
Csb-052,Frio_humedo_y_muy_humedo,Montana,Loma,Ladera,Ceniza_volcanica,4.884444444444443,-73.71555555555554,2956.0,Bien_drenado,True,Medial,Melanico,110.0,27.0,5.0,33.0
Yd-137,Muy_frio_humedo,Montana,Loma,Ladera,Ceniza_volcanica,5.2250555555555565,-73.89952777777779,3098.0,Bien_drenado,True,Medial,Melanico,120.0,76.0,6.0,29.0
Cp-092,Templado_humedo_y_muy_humedo,Montana,Espinazo,Frente,Sedimentarias,5.432388888888887,-74.41730555555556,1654.0,Excesivo,False,Medial,Umbrico,65.0,20.0,5.0,40.0
25d0680,Muy_frio_humedo,Montana,Abanico,Cuerpo,Ceniza_volcanica,5.16463888888889,-73.96377777777778,2997.0,Bien_drenado,True,Medial,Melanico,130.0,23.0,4.5,47.0
Lc-054,Frio_humedo,Planicie,Terraza,Plano,Ceniza_volcanica,4.857424999999999,-74.12047305555555,2568.0,Bien_drenado,True,Medial,Melanico,120.0,32.0,5.1,28.0
Ccj-087,Templado_humedo_y_muy_humedo,Montana,Espinazo,Reves,Sedimentarias,5.015811111111111,-74.3825,1399.0,Bien_drenado,False,Arcillosa,Ocrico,110.0,31.0,4.5,29.0
Ss-142,Calido_seco,Montana,Espinazo,Frente,Sedimentarias,5.18811,-74.46581,590.0,Bien_drenado,False,Fragmental,Ocrico,70.0,18.0,7.5,52.0
Ss-248,Calido_seco,Lomerio,Loma,Ladera,Sedimentarias,4.199611111111111,-74.7032777777778,359.0,Bien_drenado,False,Arenosa,Ocrico,86.0,27.0,6.8,59.0
25s0295,Frio_humedo,Montana,Espinazo,Frente,Sedimentarias,5.078944444444444,-74.22197222222222,1987.0,Bien_drenado,False,Franca,Ocrico,120.0,17.0,5.1,28.0
Ym-051,Templado_humedo_y_muy_humedo,Montana,Espinazo,Frente,Sedimentarias,5.336443888888889,-74.48869388888889,1089.0,Bien_drenado,False,Franca,Ocrico,52.0,14.0,6.5,16.0
Crk-140,Calido_humedo_y_muy_humedo,Montana,Espinazo,Frente,Sedimentarias,5.311805555555555,-74.53763888888889,856.0,Bien_drenado,False,Franca,Ocrico,50.0,6.0,5.5,14.0
Do-117,Frio_humedo_y_muy_humedo,Montana,Espinazo,Reves,Sedimentarias,5.139166666666667,-74.22777777777776,2262.0,Bien_drenado,False,Fragmental,Ocrico,14.0,8.0,4.5,6.0
Cc-004,Templado_humedo,Montana,Coluvio,Cuerpo,Depositos_superficiales,4.165394444444445,-74.4665,1527.0,Bien_drenado,False,Franca,Ocrico,82.0,4.0,4.8,12.0
Clas-168,Calido_seco,Lomerio,Glacis,Cuerpo,Depositos_superficiales,4.2652777777777775,-74.68111111111112,321.0,Bien_drenado,False,Franca,Ocrico,75.0,21.0,6.0,21.0
Ss-205,Calido_humedo_y_muy_humedo,Montana,Espinazo,Reves,Sedimentarias,5.79561,-74.36524999999997,406.0,Bien_drenado,False,Fina,Ocrico,100.0,15.0,5.5,20.0
Ln-092,Calido_humedo_y_muy_humedo,Montana,Espinazo,Frente,Sedimentarias,5.171666666666667,-74.38138888888888,1111.0,Bien_drenado,False,Fragmental,Ocrico,50.0,10.0,6.5,40.0
Cj-169,Templado_humedo_y_muy_humedo,Montana,Espinazo,Frente,Sedimentarias,5.60208,-74.37125999999998,1250.0,Bien_drenado,False,Franca,Ocrico,100.0,19.0,5.5,31.0
Ss-105,Calido_humedo_y_muy_humedo,Montana,Espinazo,Reves,Sedimentarias,5.14925,-74.48033333333333,846.0,Bien_drenado,False,Franca,Ocrico,46.0,10.0,6.5,15.0
Am-209,Calido_humedo,Lomerio,Vallecito,Vega,Depositos_superficiales,5.79139,-74.41194,204.0,Bien_drenado,False,Arenosa,Ocrico,110.0,13.0,6.5,20.0
Rk-194,Calido_humedo_y_muy_humedo,Valle,Plano,Vega,Depositos_superficiales,5.695111111111111,-74.48594444444444,218.0,Bien_drenado,False,Arenosa,Ocrico,20.0,16.0,6.0,4.0
Clas-210,Calido_seco,Lomerio,Loma,Ladera,Sedimentarias,4.254444444444443,-74.71944444444446,323.0,Bien_drenado,False,Arcillosa,Ocrico,100.0,25.0,5.5,23.0
Ss-200,Calido_humedo_y_muy_humedo,Lomerio,Abanico,Talud,Depositos_superficiales,5.72031,-74.4375,227.0,Bien_drenado,False,Fragmental,Ocrico,107.0,17.0,5.5,13.0
Cc-006,Templado_humedo,Montana,Coluvio,Cuerpo,Depositos_superficiales,4.1515611111111115,-74.46231944444446,1554.0,Bien_drenado,False,Franca,Ocrico,22.0,13.0,5.5,9.0
Cjf-046,Calido_humedo_y_muy_humedo,Montana,Coluvio,Cuerpo,Depositos_superficiales,5.050821666666667,-74.45156,840.0,Bien_drenado,False,Franca,Ocrico,46.0,25.0,7.0,21.0
Cj-281,Calido_seco,Lomerio,Loma,Ladera,Sedimentarias,4.371908333333333,-74.6648138888889,402.0,Bien_drenado,False,Franca,Ocrico,50.0,16.0,7.5,34.0
Las-094,Muy_frio_humedo_y_muy_humedo,Montana,Espinazo,Escarpe,Sedimentarias,5.0694444444444455,-74.14944444444446,3450.0,Bien_drenado,False,Franca,Ocrico,50.0,26.0,6.0,24.0
Cjf-027,Templado_humedo_y_muy_humedo,Montana,Espinazo,Frente,Sedimentarias,4.911413333333334,-74.49351999999998,1254.0,Bien_drenado,False,Franca,Ocrico,40.0,13.0,4.0,27.0
25d0501,Muy_frio_humedo_y_muy_humedo,Montana,Espinazo,Reves,Sedimentarias,4.9912777777777775,-73.60069444444444,3030.0,Bien_drenado,False,Franca,Ocrico,30.0,14.0,3.3,12.0
Ss-197,Calido_humedo_y_muy_humedo,Lomerio,Abanico,Talud,Depositos_superficiales,5.72572,-74.44764,217.0,Bien_drenado,False,Arcillosa,Ocrico,120.0,16.0,5.0,20.0
Ym-050,Templado_humedo_y_muy_humedo,Montana,Espinazo,Frente,Sedimentarias,5.3232219444444455,-74.50047194444444,1335.0,Bien_drenado,False,Franca,Ocrico,69.0,22.0,6.0,23.0
Ma-135,Calido_humedo,Lomerio,Cresta,Frente,Sedimentarias,4.096666666666667,-74.7261388888889,436.0,Bien_drenado,False,Franca,Ocrico,90.0,18.0,4.5,32.0
Las-213,Frio_humedo,Montana,Cresta,Reves,Sedimentarias,4.151666666666667,-74.39472222222223,2078.0,Bien_drenado,False,Franca,Ocrico,33.0,20.0,5.5,13.0
Df-219,Calido_humedo_y_muy_humedo,Lomerio,Vega,Bajo,Depositos_superficiales,5.788888888888889,-74.46638888888889,204.0,Bien_drenado,False,Franca,Ocrico,115.0,15.0,6.0,17.0
Cj-170,Templado_humedo_y_muy_humedo,Montana,Espinazo,Frente,Sedimentarias,5.59445,-74.38086999999999,1289.0,Bien_drenado,False,Franca,Ocrico,110.0,27.0,6.0,33.0
15d0022,Muy_frio_humedo,Montana,Coluvio,Cuerpo,Depositos_superficiales,5.710913333333334,-73.80586666666666,3193.0,Pobre,False,Fina,Ocrico,125.0,18.0,4.4,24.0
Yd-013,Extremadamente_frio_humedo,Montana,Circo,Fondo_de_circo,Organica,5.253833333333334,-73.97258333333333,3638.0,Pobre,False,Euica,Histico,120.0,32.0,4.5,49.0
Ls-208,Extremadamente_frio_humedo,Montana,Circo,Fondo_de_circo,Organica,5.211611111111111,-74.00419722222222,3647.0,Muy_pobre,False,Euica,Histico,92.0,24.0,4.5,51.0
Cj-359,Frio_muy_humedo,Montana,Cresta,Resalto,Organica,4.085833333333333,-74.4027777777778,2585.0,Pobre,False,Franca,Histico,110.0,18.0,4.5,17.0
25d0530,Muy_frio_humedo_y_muy_humedo,Montana,Espinazo,Resalto,Organica,4.710277777777779,-73.88605555555556,3419.0,Moderadamente_bien_drenado,False,Disica,Folistico,115.0,20.0,4.6,25.0
25d0637,Extremadamente_frio_humedo,Montana,Espinazo,Resalto,Organica,5.2134444444444465,-74.03977777777777,3682.0,Muy_pobre,False,Euica,Histico,125.0,45.0,4.9,35.0
Ccj-137,Frio_humedo,Montana,Coluvio,Cuerpo,Depositos_superficiales,5.132777777777777,-73.50333333333333,3040.0,Imperfecto,True,Franca,Histico,110.0,60.0,4.0,50.0
Sp-137,Extremadamente_frio_humedo_muy_humedo_y_pluvial,Montana,Circo,Cubeta,Organica,5.223333055555557,-74.03027777777778,3663.0,Muy_pobre,False,Disica,Histico,127.0,23.0,4.0,28.0
Sp-203,Muy_frio_humedo_y_muy_humedo,Montana,Artesa,Fondo_de_artesa,Depositos_superficiales,4.4181388888888895,-74.1886111111111,3597.0,Pobre,False,Disica,Histico,100.0,32.0,4.4,16.0
Csb-106,Muy_frio_humedo_y_muy_humedo,Montana,Terraza,Terraza,Organica,4.912222222222223,-73.74694444444445,3006.0,Pobre,False,Disica,Histico,120.0,25.0,4.5,35.0
Cp-227,Muy_frio_humedo,Montana,Espinazo,Frente,Ceniza_volcanica,5.167527777777779,-73.59963888888889,3178.0,Imperfecto,True,Disica,Histico,110.0,31.0,5.0,19.0
Mv-098,Muy_frio_humedo_y_muy_humedo,Montana,Terraza,Terraza,Organica,4.905555555555557,-73.74166666666667,3018.0,Muy_pobre,False,Disica,Histico,120.0,18.0,4.0,46.0
Wh-315,Extremadamente_frio_humedo,Montana,Circo,Fondo_de_circo,Ceniza_volcanica,5.101106944444443,-74.02243,3611.0,Pobre,True,Euica,Histico,120.0,35.0,4.5,40.0
Ls-108,Muy_frio_humedo_y_muy_humedo,Montana,Glacis,Terraza,Depositos_superficiales,4.731138888888889,-73.88813888888889,3429.0,Bien_drenado,True,Disica,Histico,119.0,34.0,4.5,40.0
Clas-084,Extremadamente_frio_humedo,Montana,Circo,Fondo_de_circo,Organica,5.219119444444447,-73.9999,3659.0,Pobre,False,Euica,Folistico,120.0,25.0,4.0,26.0
Csb-076,Muy_frio_humedo_y_muy_humedo,Montana,Terraza,Terraza,Organica,4.92,-73.74055555555556,3016.0,Pobre,False,Disica,Histico,110.0,50.0,4.5,60.0
Ag-118,Muy_frio_humedo,Montana,Cono,Cuerpo,Ceniza_volcanica,5.205222222222221,-73.90725,3047.0,Imperfecto,True,Euica,Histico,120.0,28.0,5.5,31.0
Ts-077,Muy_frio_humedo_y_muy_humedo,Montana,Espinazo,Reves,Ceniza_volcanica,4.857777777777779,-73.77181111111109,3240.0,Pobre,True,Disica,Histico,120.0,50.0,4.5,50.0
Ccj-148,Muy_frio_humedo,Montana,Cono,Cuerpo,Ceniza_volcanica,5.172444444444444,-73.54844444444444,3146.0,Imperfecto,True,Disica,Histico,120.0,60.0,4.0,20.0
Yd-014,Extremadamente_frio_humedo,Montana,Circo,Fondo_de_circo,Organica,5.253361111111111,-73.97475,3633.0,Muy_pobre,False,Euica,Histico,129.0,20.0,4.0,65.0
Do-369,Muy_frio_humedo,Montana,Cresta,Frente,Organica,3.9459166666666654,-74.3737222222222,3380.0,Bien_drenado,False,Disica,Histico,140.0,27.0,4.0,50.0
Mv-110,Muy_frio_humedo_y_muy_humedo,Montana,Terraza,Terraza,Organica,4.906666666666667,-73.74777777777777,3025.0,Muy_pobre,False,Disica,Histico,120.0,41.0,4.0,79.0
Cb-053,Muy_frio_humedo_y_muy_humedo,Montana,Cresta,Reves,Sedimentarias,4.951777777777779,-73.74408333333334,3162.0,Bien_drenado,True,Disica,Histico,105.0,10.0,4.0,28.0
Ccp-118,Muy_frio_humedo_y_muy_humedo,Montana,Espinazo,Reves,Sedimentarias,4.7107222222222225,-73.89172222222223,3438.0,Pobre,False,Disica,Histico,95.0,33.0,4.0,17.0
Cwh-057,Muy_frio_humedo_y_muy_humedo,Montana,Cresta,Frente,Organica,4.8475777777777775,-73.75314166666666,3192.0,Pobre,False,Disica,Histico,90.0,30.0,4.5,22.0
Mv-204,Muy_frio_humedo,Montana,Loma,Bajo,Organica,5.2202777777777785,-73.53388888888887,3255.0,Muy_pobre,False,Disica,Histico,120.0,61.0,5.0,44.0
25d0728,Muy_frio_humedo,Montana,Loma,Bajo,Organica,5.22775,-73.89627777777778,3083.0,Muy_pobre,False,Euica,Histico,140.0,32.0,5.0,33.0
Csb-081,Muy_frio_humedo_y_muy_humedo,Montana,Terraza,Terraza,Organica,4.914166666666668,-73.7361111111111,3007.0,Pobre,False,Disica,Histico,100.0,35.0,4.5,35.0
Ss-366,Extremadamente_frio_humedo_y_muy_humedo,Montana,Artesa,Fondo_de_artesa,Depositos_superficiales,4.160333333333334,-74.28861111111111,3605.0,Pobre,False,Euica,Histico,120.0,30.0,4.5,20.0
Ag-088,Muy_frio_humedo,Montana,Loma,Bajo,Organica,5.226361111111111,-73.89586111111113,3079.0,Imperfecto,False,Euica,Histico,120.0,32.0,5.0,45.0
Gb-110,Muy_frio_humedo,Montana,Cresta,Reves,Sedimentarias,5.399361111111111,-73.61975,3284.0,Pobre,False,Disica,Histico,70.0,20.0,5.0,50.0
25d0476,Muy_frio_humedo_y_muy_humedo,Montana,Espinazo,Frente,Sedimentarias,5.00729,-73.68677666666667,3230.0,Bien_drenado,False,Franca,Umbrico,50.0,20.0,4.8,15.0
Do-250,Calido_humedo,Lomerio,Espinazo,Resalto,Depositos_superficiales,4.116416666666666,-74.76875,343.0,Bien_drenado,False,Fina,Umbrico,70.0,31.0,5.5,26.0
Le-205,Muy_frio_humedo,Montana,Espinazo,Frente,Sedimentarias,5.373611111111113,-73.61,3524.0,Bien_drenado,False,Arenosa,Umbrico,70.0,20.0,4.5,35.0
Csb-030,Templado_humedo_y_muy_humedo,Montana,Espinazo,Reves,Sedimentarias,5.2958300000000005,-74.45056,1006.0,Bien_drenado,False,Fina,Umbrico,70.0,26.0,6.0,24.0
Cj-366,Templado_humedo,Montana,Espinazo,Resalto,Depositos_superficiales,4.0172222222222205,-74.52666666666667,1775.0,Bien_drenado,False,Fina,Ocrico,100.0,21.0,5.5,29.0
Rc-104*,Extremadamente_frio_humedo_y_muy_humedo,Montana,Cresta,Ladera,Ceniza_volcanica,4.2164166666666665,-74.26616666666666,3606.0,Bien_drenado,True,Franca,Umbrico,70.0,25.0,4.5,45.0
Mb-135,Calido_humedo_y_muy_humedo,Montana,Valle_estrecho,Terraza,Depositos_superficiales,5.06511,-74.45130999999998,713.0,Bien_drenado,False,Franca,Ocrico,110.0,30.0,7.5,20.0
Ccp-156,Calido_humedo,Montana,Espinazo,Reves,Sedimentarias,4.1090277777777775,-74.78661111111111,481.0,Excesivo,False,Franca,Ocrico,60.0,12.0,4.0,22.0
Cjq-235,Muy_frio_humedo,Montana,Espinazo,Frente,Sedimentarias,5.171166666666667,-73.55763888888889,3281.0,Bien_drenado,False,Arenosa,Umbrico,86.0,24.0,5.0,30.0
Cj-016,Templado_humedo_y_muy_humedo,Montana,Espinazo,Reves,Sedimentarias,4.869447222222223,-74.51968333333333,1272.0,Bien_drenado,False,Franca,Ocrico,120.0,27.0,8.0,28.0
Jq-083,Muy_frio_humedo_y_muy_humedo,Montana,Espinazo,Reves,Sedimentarias,4.978944444444443,-73.61524999999997,2994.0,Bien_drenado,False,Arcillosa,Ocrico,78.0,27.0,5.0,31.0
Dn-005,Frio_humedo,Montana,Cresta,Frente,Sedimentarias,4.097305555555555,-74.4371388888889,2171.0,Bien_drenado,False,Fina,Ocrico,110.0,19.0,4.5,21.0
Ma-274,Templado_humedo,Montana,Abanico,Talud,Depositos_superficiales,4.3872222222222215,-74.38647222222222,1421.0,Bien_drenado,False,Fina,Ocrico,120.0,14.0,5.0,30.0
Ccp-091,Templado_humedo_y_muy_humedo,Montana,Espinazo,Frente,Sedimentarias,5.429916666666667,-74.42433333333334,1613.0,Excesivo,False,Franca,Umbrico,65.0,20.0,6.0,40.0
Do-279,Calido_humedo,Lomerio,Cresta,Reves,Sedimentarias,4.117472222222221,-74.72919444444446,406.0,Bien_drenado,False,Franca,Ocrico,30.0,7.0,4.0,23.0
Ym-068,Templado_humedo_y_muy_humedo,Montana,Espinazo,Reves,Sedimentarias,5.591056111111112,-74.39038888888889,1180.0,Bien_drenado,False,Franca,Umbrico,60.0,18.0,5.5,23.0
Jf-138,Calido_humedo_y_muy_humedo,Montana,Espinazo,Reves,Sedimentarias,5.643025,-74.52538666666666,591.0,Bien_drenado,False,Fina,Ocrico,110.0,23.0,4.5,25.0
Cjq-230,Muy_frio_humedo,Montana,Espinazo,Reves,Sedimentarias,5.174416666666667,-73.55733333333333,3309.0,Bien_drenado,False,Arenosa,Umbrico,103.0,21.0,5.0,40.0
Jq-095,Muy_frio_humedo_y_muy_humedo,Montana,Espinazo,Reves,Sedimentarias,5.04325,-73.68016666666666,3038.0,Bien_drenado,True,Franca,Umbrico,64.0,18.0,5.0,27.0
Ag-058,Muy_frio_humedo,Montana,Espinazo,Ladera,Sedimentarias,5.247888888888889,-73.95538888888889,3511.0,Bien_drenado,False,Franca,Umbrico,66.0,28.0,4.5,38.0
Cjf-187,Muy_frio_humedo,Montana,Espinazo,Reves,Sedimentarias,5.3618516666666665,-73.60061166666667,3424.5,Bien_drenado,True,Arcillosa,Umbrico,53.0,45.0,4.5,8.0
Gb-128,Frio_humedo,Montana,Coluvio,Cuerpo,Depositos_superficiales,5.144,-73.50063888888889,2947.0,Imperfecto,False,Franca,Umbrico,75.0,45.0,5.0,30.0
Sc-067,Calido_humedo_y_muy_humedo,Montana,Coluvio,Cuerpo,Depositos_superficiales,5.440611111111113,-74.54572222222222,720.0,Bien_drenado,False,Franca,Ocrico,60.0,15.0,5.5,40.0
Ma-237,Calido_seco,Lomerio,Cuesta,Reves,Sedimentarias,4.228638888888889,-74.6905,343.0,Bien_drenado,False,Fina,Ocrico,70.0,19.0,5.5,35.0
Cgp-128*,Muy_frio_muy_humedo,Montana,Cresta,Reves,Ceniza_volcanica,4.181071111111112,-74.31990388888889,3466.179,Bien_drenado,True,Franca,Umbrico,120.0,42.0,5.5,25.0
Cjq-231,Muy_frio_humedo,Montana,Espinazo,Frente,Sedimentarias,5.172444444444444,-73.55675,3306.0,Bien_drenado,False,Arenosa,Umbrico,72.0,19.0,5.0,26.0
Cp-257,Muy_frio_humedo,Montana,Espinazo,Frente,Sedimentarias,5.410916666666667,-73.92544444444445,3167.0,Bien_drenado,False,Franca,Umbrico,40.0,16.0,4.0,12.0
Df-229,Calido_humedo,Montana,Espinazo,Reves,Sedimentarias,4.048055555555555,-74.77611111111109,485.0,Bien_drenado,False,Fina,Ocrico,110.0,19.0,4.5,26.0
Ma-030,Templado_humedo_y_muy_humedo,Montana,Espinazo,Frente,Sedimentarias,4.917722222222221,-74.49044444444445,1353.0,Bien_drenado,False,Fina,Umbrico,120.0,18.0,5.5,39.0
Rk-227,Frio_humedo,Montana,Cresta,Frente,Sedimentarias,4.1646388888888906,-74.38005555555554,2333.0,Bien_drenado,False,Fina,Ocrico,120.0,24.0,6.0,18.0
Ma-053,Templado_humedo_y_muy_humedo,Montana,Valle_estrecho,Terraza,Depositos_superficiales,5.030138888888889,-74.50080555555556,1028.0,Bien_drenado,False,Franca,Molico,113.0,24.0,7.0,22.0
Bo-044,Calido_seco,Montana,Espinazo,Frente,Sedimentarias,5.215466666666667,-74.48186111111113,825.0,Bien_drenado,False,Fina,Molico,90.0,26.0,7.0,34.0
Ma-290,Templado_humedo,Montana,Abanico,Plano,Depositos_superficiales,4.3616111111111096,-74.40005555555557,1493.0,Bien_drenado,False,Franca,Umbrico,72.0,15.0,5.5,35.0
Clas-177,Calido_seco,Lomerio,Cuesta,Frente,Sedimentarias,4.242222222222222,-74.715,378.0,Bien_drenado,False,Franca,Ocrico,75.0,22.0,5.5,19.0
25s0326,Templado_humedo,Montana,Espinazo,Frente,Sedimentarias,5.45625,-74.39136111111112,1224.0,Bien_drenado,False,Arcillosa,Molico,100.0,20.0,5.9,40.0
Df-331,Calido_seco,Lomerio,Cuesta,Frente,Sedimentarias,4.194166666666667,-74.75027777777778,319.0,Bien_drenado,False,Fragmental,Molico,55.0,20.0,7.0,35.0
Cjf-228,Calido_humedo,Valle,Plano,Cauce,Depositos_superficiales,5.792983333333333,-74.505485,195.0,Imperfecto,False,Limosa,Molico,100.0,23.0,7.0,32.0
Ln-196,Calido_humedo_y_muy_humedo,Montana,Espinazo,Reves,Sedimentarias,5.547777777777778,-74.49027777777778,686.0,Bien_drenado,False,Fina,Molico,105.0,21.0,7.0,23.0
Cle-043,Calido_humedo_y_muy_humedo,Montana,Espinazo,Reves,Sedimentarias,5.219444444444445,-74.43222222222222,1016.0,Bien_drenado,False,Franca,Molico,40.0,18.0,7.0,18.0
Ccj-146,Templado_humedo_y_muy_humedo,Montana,Espinazo,Reves,Sedimentarias,5.29738,-74.47677,1530.0,Bien_drenado,False,Fina,Molico,100.0,26.0,8.0,26.0
Ss-074,Calido_seco,Montana,Espinazo,Frente,Sedimentarias,5.198833333333334,-74.56533333333333,564.0,Bien_drenado,False,Franca,Molico,67.0,12.0,6.5,33.0
Am-026,Templado_humedo_y_muy_humedo,Montana,Espinazo,Frente,Sedimentarias,5.004166666666666,-74.50972222222222,1195.0,Bien_drenado,False,Arcillosa,Molico,57.0,32.0,6.0,25.0
Bo-133,Calido_humedo_y_muy_humedo,Montana,Cresta,Frente,Sedimentarias,5.595394444444445,-74.48195555555556,648.0,Bien_drenado,False,Fina,Molico,70.0,20.0,5.5,30.0
Rk-163,Calido_humedo_y_muy_humedo,Montana,Cresta,Frente,Sedimentarias,5.5308055555555535,-74.51266666666666,664.0,Bien_drenado,False,Fina,Molico,120.0,12.0,4.5,16.0
Am-025,Templado_humedo_y_muy_humedo,Montana,Espinazo,Frente,Sedimentarias,4.991111111111112,-74.50777777777778,1067.0,Bien_drenado,False,Arcillosa,Molico,117.0,21.0,6.5,21.0
Ccj-149,Templado_humedo_y_muy_humedo,Montana,Espinazo,Reves,Sedimentarias,5.31556,-74.455,1491.0,Bien_drenado,False,Arcillosa,Molico,110.0,18.0,8.0,32.0
Ac-013,Templado_humedo_y_muy_humedo,Montana,Espinazo,Frente,Sedimentarias,5.2394444444444455,-74.53777777777778,1542.0,Bien_drenado,False,Arcillosa,Molico,80.0,25.0,5.0,15.0
25s0443,Calido_humedo,Montana,Valle_estrecho,Terraza,Depositos_superficiales,5.021461666666666,-74.46077,735.0,Bien_drenado,False,Franca,Molico,100.0,20.0,7.6,30.0
Bo-066,Calido_humedo_y_muy_humedo,Montana,Cresta,Resalto,Depositos_superficiales,5.113099999999998,-74.4578,947.0,Bien_drenado,False,Franca,Molico,120.0,34.0,6.0,21.0
Ln-146,Calido_humedo_y_muy_humedo,Montana,Espinazo,Resalto,Depositos_superficiales,5.317777777777779,-74.6352777777778,606.0,Bien_drenado,False,Franca,Molico,60.0,21.0,7.0,16.0
Bo-043,Calido_seco,Montana,Espinazo,Reves,Sedimentarias,5.217336111111111,-74.48288055555554,896.0,Bien_drenado,False,Franca,Molico,80.0,24.0,7.0,26.0
Mb-201,Calido_humedo_y_muy_humedo,Lomerio,Cresta,Reves,Sedimentarias,5.760055555555558,-74.48702777777778,240.0,Bien_drenado,False,Franca,Molico,30.0,18.0,5.5,12.0
Sm-026,Calido_seco,Valle,Terraza,Terraza,Depositos_superficiales,4.267777777777779,-74.76861111111111,310.5,Bien_drenado,False,Franca,Molico,55.0,19.0,6.0,13.0
Ym-004,Templado_humedo_y_muy_humedo,Montana,Espinazo,Frente,Sedimentarias,5.293028055555554,-74.47475,1511.0,Bien_drenado,False,Arcillosa,Molico,100.0,15.0,6.0,14.0
Ma-291,Templado_humedo,Montana,Abanico,Plano,Depositos_superficiales,4.3632777777777765,-74.40330555555556,1493.0,Bien_drenado,False,Franca,Umbrico,120.0,12.0,5.5,31.0
25s0496,Templado_humedo,Montana,Loma,Ladera,Sedimentarias,5.026305555555553,-74.50113888888889,1054.0,Bien_drenado,False,Fina,Molico,125.0,30.0,7.5,37.0
Df-144,Calido_humedo_y_muy_humedo,Montana,Espinazo,Reves,Sedimentarias,5.411944444444447,-74.58388888888888,421.0,Bien_drenado,False,Fina,Molico,120.0,35.0,6.5,32.0
Mb-014,Templado_humedo_y_muy_humedo,Montana,Espinazo,Reves,Sedimentarias,4.853416666666666,-74.52594444444446,1237.0,Bien_drenado,False,Franca,Ocrico,120.0,13.0,7.5,29.0
Cj-003,Templado_humedo_y_muy_humedo,Montana,Espinazo,Frente,Sedimentarias,4.872802777777778,-74.52625277777777,1225.0,Bien_drenado,False,Fina,Molico,100.0,33.0,6.5,22.0
Am-110,Templado_humedo_y_muy_humedo,Montana,Loma,Ladera,Sedimentarias,4.99889,-74.49528000000002,928.0,Bien_drenado,False,Fina,Molico,120.0,21.0,6.5,22.0
